tanggal,harga,,,
1/4/2016,36000,,,
1/5/2016,35675,,,
1/6/2016,37425,,,
1/7/2016,36000,,,
1/8/2016,36175,,,
1/11/2016,35325,,,
1/12/2016,36100,,,
1/13/2016,36100,,,
1/14/2016,35725,,,
1/15/2016,36000,,,
1/18/2016,35650,,,
1/19/2016,35900,,,
1/20/2016,35600,,,
1/21/2016,35800,,,
1/22/2016,35600,,,
1/25/2016,35625,,,
1/26/2016,35975,,,
1/27/2016,37300,,stdeviasi,603.0228131
1/28/2016,37250,,rata-rata,36096.25
1/29/2016,36700,,CV,0.016705968
2/1/2016,36800,,,
2/2/2016,37475,,,
2/3/2016,38625,,,
2/4/2016,39950,,,
2/5/2016,40600,,,
2/9/2016,40850,,,
2/10/2016,40850,,,
2/11/2016,41550,,,
2/12/2016,41100,,,
2/15/2016,41575,,,
2/16/2016,41000,,,
2/17/2016,41350,,,
2/18/2016,41675,,,
2/19/2016,42750,,,
2/22/2016,43375,,,
2/23/2016,42450,,,
2/24/2016,42000,,,
2/25/2016,42725,,stdeviasi,1953.924442
2/26/2016,43900,,rata-rata,41256.25
2/29/2016,44525,,CV,0.047360689
3/1/2016,45400,,,
3/2/2016,47800,,,
3/3/2016,46425,,,
3/4/2016,45200,,,
3/7/2016,44150,,,
3/8/2016,43500,,,
3/10/2016,42750,,,
3/11/2016,43000,,,
3/14/2016,44150,,,
3/15/2016,44050,,,
3/16/2016,44050,,,
3/17/2016,43875,,,
3/18/2016,44450,,,
3/21/2016,44000,,,
3/22/2016,43525,,,
3/23/2016,43000,,,
3/24/2016,42525,,,
3/28/2016,42000,,,
3/29/2016,42975,,stdeviasi,1367.149668
3/30/2016,42975,,rata-rata,43939.28571
3/31/2016,42925,,CV,0.031114517
4/1/2016,43175,,,
4/4/2016,43500,,,
4/5/2016,43325,,,
4/6/2016,43500,,,
4/7/2016,43150,,,
4/8/2016,43000,,,
4/11/2016,42475,,,
4/12/2016,43950,,,
4/13/2016,43350,,,
4/14/2016,43000,,,
4/15/2016,43800,,,
4/18/2016,44400,,,
4/19/2016,45475,,,
4/20/2016,45300,,,
4/21/2016,46500,,,
4/22/2016,47000,,,
4/25/2016,44775,,,
4/26/2016,43900,,,
4/27/2016,44150,,stdeviasi,1211.651028
4/28/2016,43475,,rata-rata,43989.28571
4/29/2016,42575,,CV,0.027544231
5/2/2016,43250,,,
5/3/2016,43775,,,
5/4/2016,45150,,,
5/9/2016,44500,,,
5/10/2016,43925,,,
5/11/2016,44300,,,
5/12/2016,44300,,,
5/13/2016,44400,,,
5/16/2016,43050,,,
5/17/2016,43075,,,
5/18/2016,42950,,,
5/19/2016,42800,,,
5/20/2016,42550,,,
5/23/2016,42975,,,
5/24/2016,42500,,,
5/25/2016,43700,,,
5/26/2016,43675,,,
5/27/2016,44000,,stdeviasi,720.8091214
5/30/2016,43725,,rata-rata,43585
5/31/2016,43100,,CV,0.016538009
6/1/2016,43550,,,
6/2/2016,43250,,,
6/3/2016,43150,,,
6/6/2016,43200,,,
6/7/2016,43650,,,
6/8/2016,43800,,,
6/9/2016,43250,,,
6/10/2016,43000,,,
6/13/2016,43000,,,
6/14/2016,43500,,,
6/15/2016,43800,,,
6/16/2016,43575,,,
6/17/2016,43575,,,
6/20/2016,43600,,,
6/21/2016,43800,,,
6/22/2016,43400,,,
6/23/2016,43400,,,
6/24/2016,43500,,,
6/27/2016,43075,,,
6/28/2016,43600,,stdeviasi,532.5498168
6/29/2016,45000,,rata-rata,43579.54545
6/30/2016,45075,,CV,0.012220178
7/1/2016,43800,,,
7/11/2016,45000,,,
7/12/2016,44325,,,
7/13/2016,44950,,,
7/14/2016,44300,,,
7/15/2016,44500,,,
7/18/2016,43900,,,
7/19/2016,44150,,,
7/20/2016,44475,,,
7/21/2016,44400,,,
7/22/2016,44025,,,
7/25/2016,44700,,,
7/26/2016,44950,,,
7/27/2016,46600,,stdeviasi,1034.759181
7/28/2016,47800,,rata-rata,44807.8125
7/29/2016,45050,,CV,0.023093276
8/1/2016,45100,,,
8/2/2016,45400,,,
8/3/2016,45450,,,
8/4/2016,45850,,,
8/5/2016,45600,,,
8/8/2016,45000,,,
8/9/2016,45600,,,
8/10/2016,45575,,,
8/11/2016,45950,,,
8/12/2016,45375,,,
8/15/2016,44750,,,
8/16/2016,45350,,,
8/18/2016,45575,,,
8/19/2016,45275,,,
8/22/2016,45325,,,
8/23/2016,45500,,,
8/24/2016,45100,,,
8/25/2016,45900,,,
8/26/2016,46400,,,
8/29/2016,45450,,stdeviasi,361.9874343
8/30/2016,45100,,rata-rata,45467.04545
8/31/2016,45650,,CV,0.007961534
9/1/2016,45250,,,
9/2/2016,45650,,,
9/5/2016,45075,,,
9/6/2016,45300,,,
9/7/2016,45850,,,
9/8/2016,45750,,,
9/9/2016,44725,,,
9/13/2016,44750,,,
9/14/2016,44150,,,
9/15/2016,44425,,,
9/16/2016,44300,,,
9/19/2016,44350,,,
9/20/2016,44500,,,
9/21/2016,44975,,,
9/22/2016,44800,,,
9/23/2016,45550,,,
9/26/2016,44850,,,
9/27/2016,45425,,,
9/28/2016,45450,,stdeviasi,531.692043
9/29/2016,45700,,rata-rata,45017.85714
9/30/2016,44550,,CV,0.011810692
10/3/2016,45200,,,
10/4/2016,45050,,,
10/5/2016,44825,,,
10/6/2016,45175,,,
10/7/2016,44500,,,
10/10/2016,44600,,,
10/11/2016,45250,,,
10/12/2016,45000,,,
10/13/2016,44500,,,
10/14/2016,45000,,,
10/17/2016,44725,,,
10/18/2016,44475,,,
10/19/2016,44325,,,
10/20/2016,44300,,,
10/21/2016,44150,,,
10/24/2016,44400,,,
10/25/2016,44425,,,
10/26/2016,44500,,,
10/27/2016,44425,,stdeviasi,329.1402943
10/28/2016,44525,,rata-rata,44658.33333
10/31/2016,44475,,CV,0.007370188
11/1/2016,44450,,,
11/2/2016,44425,,,
11/3/2016,44175,,,
11/4/2016,43975,,,
11/7/2016,44000,,,
11/8/2016,44375,,,
11/9/2016,44375,,,
11/10/2016,43700,,,
11/11/2016,41000,,,
11/14/2016,41000,,,
11/15/2016,40975,,,
11/16/2016,41100,,,
11/17/2016,40500,,,
11/18/2016,40250,,,
11/21/2016,40000,,,
11/22/2016,39800,,,
11/23/2016,40450,,,
11/24/2016,40100,,,
11/25/2016,40200,,,
11/28/2016,40100,,stdeviasi,1863.638739
11/29/2016,40625,,rata-rata,41822.72727
11/30/2016,40525,,CV,0.044560431
12/1/2016,41925,,,
12/2/2016,42400,,,
12/5/2016,42225,,,
12/6/2016,41800,,,
12/7/2016,41325,,,
12/8/2016,41450,,,
12/9/2016,41450,,,
12/13/2016,40725,,,
12/14/2016,40050,,,
12/15/2016,40150,,,
12/16/2016,39975,,,
12/19/2016,39850,,,
12/20/2016,39650,,,
12/21/2016,38500,,,
12/22/2016,37975,,,
12/23/2016,37875,,,
12/27/2016,38200,,,
12/28/2016,39300,,stdeviasi,1445.361797
12/29/2016,40000,,rata-rata,40181.25
12/30/2016,38800,,CV,0.035971051
1/3/2017,38825,,,
1/4/2017,40200,,,
1/5/2017,40550,,,
1/6/2017,40600,,,
1/9/2017,40150,,,
1/10/2017,40100,,,
1/11/2017,39975,,,
1/12/2017,39950,,,
1/13/2017,39600,,,
1/16/2017,39625,,,
1/17/2017,39625,,,
1/18/2017,40900,,,
1/19/2017,40400,,,
1/20/2017,40500,,,
1/23/2017,41200,,,
1/24/2017,42000,,,
1/25/2017,41900,,,
1/26/2017,41800,,,
1/27/2017,41700,,stdeviasi,870.4849497
1/30/2017,41325,,rata-rata,40577.38095
1/31/2017,41200,,CV,0.021452468
2/1/2017,41275,,,
2/2/2017,41550,,,
2/3/2017,42000,,,
2/6/2017,41700,,,
2/7/2017,41725,,,
2/8/2017,41725,,,
2/9/2017,41825,,,
2/10/2017,42600,,,
2/13/2017,42425,,,
2/14/2017,42425,,,
2/16/2017,42600,,,
2/17/2017,42600,,,
2/20/2017,42100,,,
2/21/2017,42750,,,
2/22/2017,42875,,,
2/23/2017,42250,,,
2/24/2017,42250,,stdeviasi,440.4360545
2/27/2017,42250,,rata-rata,42163.15789
2/28/2017,42175,,CV,0.010445993
3/1/2017,42175,,,
3/2/2017,42100,,,
3/3/2017,41975,,,
3/6/2017,42375,,,
3/7/2017,42475,,,
3/8/2017,42425,,,
3/9/2017,42425,,,
3/10/2017,42300,,,
3/13/2017,42400,,,
3/14/2017,42200,,,
3/15/2017,42175,,,
3/16/2017,43600,,,
3/17/2017,44000,,,
3/20/2017,43925,,,
3/21/2017,43925,,,
3/22/2017,42850,,,
3/23/2017,42500,,,
3/24/2017,43150,,,
3/27/2017,43350,,,
3/29/2017,43650,,stdeviasi,694.7818805
3/30/2017,43700,,rata-rata,42863.63636
3/31/2017,43325,,CV,0.016209121
4/3/2017,43875,,,
4/4/2017,44275,,,
4/5/2017,45000,,,
4/6/2017,45000,,,
4/7/2017,45100,,,
4/10/2017,45300,,,
4/11/2017,44900,,,
4/12/2017,45475,,,
4/13/2017,45325,,,
4/17/2017,45300,,,
4/18/2017,45300,,,
4/20/2017,45300,,,
4/21/2017,45525,,,
4/25/2017,45300,,,
4/26/2017,45800,,stdeviasi,504.9388431
4/27/2017,45750,,rata-rata,45119.11765
4/28/2017,44500,,CV,0.011191239
5/2/2017,45300,,,
5/3/2017,45100,,,
5/4/2017,45425,,,
5/5/2017,45475,,,
5/8/2017,46000,,,
5/9/2017,46200,,,
5/10/2017,46350,,,
5/12/2017,46800,,,
5/15/2017,48000,,,
5/16/2017,47800,,,
5/17/2017,47750,,,
5/18/2017,47575,,,
5/19/2017,48750,,,
5/22/2017,47450,,,
5/23/2017,48650,,,
5/24/2017,47725,,,
5/26/2017,47700,,,
5/29/2017,47325,,stdeviasi,1133.952682
5/30/2017,46000,,rata-rata,46877.5
5/31/2017,46175,,CV,0.0241897
6/2/2017,46900,,,
6/5/2017,47175,,,
6/6/2017,46825,,,
6/7/2017,47200,,,
6/8/2017,47550,,,
6/9/2017,47550,,,
6/12/2017,47200,,,
6/13/2017,47900,,,
6/14/2017,48500,,,
6/15/2017,48850,,,
6/16/2017,47800,,,
6/19/2017,47600,,,
6/20/2017,48250,,stdeviasi,721.1391451
6/21/2017,49000,,rata-rata,47806.66667
6/22/2017,48800,,CV,0.015084489
7/3/2017,49450,,,
7/4/2017,48750,,,
7/5/2017,48500,,,
7/6/2017,48900,,,
7/7/2017,48100,,,
7/10/2017,46725,,,
7/11/2017,47500,,,
7/12/2017,48300,,,
7/13/2017,48500,,,
7/14/2017,48600,,,
7/17/2017,48325,,,
7/18/2017,47650,,,
7/19/2017,47500,,,
7/20/2017,48275,,,
7/21/2017,47725,,,
7/24/2017,48350,,,
7/25/2017,48050,,,
7/26/2017,47750,,,
7/27/2017,47800,,stdeviasi,609.0928071
7/28/2017,48375,,rata-rata,48194.04762
7/31/2017,48950,,CV,0.012638341
8/1/2017,48475,,,
8/2/2017,48475,,,
8/3/2017,47700,,,
8/4/2017,47575,,,
8/7/2017,47075,,,
8/8/2017,47425,,,
8/9/2017,48100,,,
8/10/2017,48025,,,
8/11/2017,47500,,,
8/14/2017,48250,,,
8/15/2017,48300,,,
8/16/2017,49350,,,
8/18/2017,49475,,,
8/21/2017,48325,,,
8/22/2017,49275,,,
8/23/2017,49925,,,
8/24/2017,49500,,,
8/25/2017,49950,,,
8/28/2017,49800,,,
8/29/2017,50500,,stdeviasi,1096.358593
8/30/2017,50500,,rata-rata,48820.45455
8/31/2017,50550,,CV,0.022456952
9/4/2017,50975,,,
9/5/2017,51000,,,
9/6/2017,50600,,,
9/7/2017,50600,,,
9/8/2017,50800,,,
9/11/2017,50525,,,
9/12/2017,50600,,,
9/13/2017,51200,,,
9/14/2017,51100,,,
9/15/2017,50925,,,
9/18/2017,51000,,,
9/19/2017,51000,,,
9/20/2017,51000,,,
9/22/2017,50000,,,
9/25/2017,49700,,,
9/26/2017,49350,,,
9/27/2017,50000,,stdeviasi,699.5037924
9/28/2017,49200,,rata-rata,50450
9/29/2017,48975,,CV,0.013865288
10/2/2017,50150,,,
10/3/2017,50825,,,
10/4/2017,50900,,,
10/5/2017,50100,,,
10/6/2017,49975,,,
10/9/2017,49800,,,
10/10/2017,49325,,,
10/11/2017,48875,,,
10/12/2017,49000,,,
10/13/2017,49250,,,
10/16/2017,49200,,,
10/17/2017,50000,,,
10/18/2017,49975,,,
10/19/2017,49675,,,
10/20/2017,49550,,,
10/23/2017,49150,,,
10/24/2017,49150,,,
10/25/2017,49500,,,
10/26/2017,49525,,,
10/27/2017,49150,,stdeviasi,547.031788
10/30/2017,49150,,rata-rata,49628.40909
10/31/2017,49600,,CV,0.011022553
11/1/2017,49600,,,
11/2/2017,49075,,,
11/3/2017,49875,,,
11/6/2017,49175,,,
11/7/2017,49350,,,
11/8/2017,49450,,,
11/9/2017,49300,,,
11/10/2017,49175,,,
11/13/2017,49225,,,
11/14/2017,48975,,,
11/15/2017,48975,,,
11/16/2017,49250,,,
11/17/2017,49650,,,
11/20/2017,49425,,,
11/21/2017,49400,,,
11/22/2017,49450,,,
11/23/2017,49350,,,
11/24/2017,49800,,,
11/27/2017,50400,,,
11/28/2017,51000,,stdeviasi,491.2285266
11/29/2017,50225,,rata-rata,49519.31818
11/30/2017,49300,,CV,0.009919937
12/4/2017,49300,,,
12/5/2017,49650,,,
12/6/2017,49650,,,
12/7/2017,50300,,,
12/8/2017,50900,,,
12/11/2017,51000,,,
12/12/2017,51100,,,
12/13/2017,51000,,,
12/14/2017,51000,,,
12/15/2017,52125,,,
12/18/2017,52975,,,
12/19/2017,54100,,,
12/20/2017,53000,,,
12/21/2017,53550,,,
12/22/2017,54125,,,
12/27/2017,54125,,stdeviasi,1951.712839
12/28/2017,54400,,rata-rata,52122.22222
12/29/2017,55900,,CV,0.037444928
1/2/2018,55875,,,
1/3/2018,54000,,,
1/4/2018,53400,,,
1/5/2018,54000,,,
1/8/2018,54400,,,
1/9/2018,53500,,,
1/10/2018,54200,,,
1/11/2018,54375,,,
1/12/2018,54250,,,
1/15/2018,54600,,,
1/16/2018,55000,,,
1/17/2018,54350,,,
1/18/2018,54350,,,
1/19/2018,54450,,,
1/22/2018,54400,,,
1/23/2018,55500,,,
1/24/2018,55600,,,
1/25/2018,55025,,,
1/26/2018,54550,,,
1/29/2018,55400,,stdeviasi,634.0620096
1/30/2018,54875,,rata-rata,54568.18182
1/31/2018,54400,,CV,0.011619629
2/1/2018,54400,,,
2/2/2018,55025,,,
2/5/2018,54125,,,
2/6/2018,53900,,,
2/7/2018,54675,,,
2/8/2018,54375,,,
2/9/2018,55400,,,
2/12/2018,55000,,,
2/13/2018,54925,,,
2/14/2018,54500,,,
2/15/2018,54550,,,
2/19/2018,54800,,,
2/20/2018,54450,,,
2/21/2018,54500,,,
2/22/2018,54000,,,
2/23/2018,54450,,,
2/26/2018,53975,,stdeviasi,429.1123709
2/27/2018,53975,,rata-rata,54469.73684
2/28/2018,53900,,CV,0.007877996
3/1/2018,53975,,,
3/2/2018,53900,,,
3/5/2018,53975,,,
3/6/2018,52525,,,
3/7/2018,51150,,,
3/8/2018,51200,,,
3/9/2018,50550,,,
3/12/2018,50450,,,
3/13/2018,50450,,,
3/14/2018,50125,,,
3/15/2018,50125,,,
3/16/2018,49700,,,
3/19/2018,49900,,,
3/20/2018,50000,,,
3/21/2018,51275,,,
3/22/2018,50750,,,
3/23/2018,50975,,,
3/26/2018,50350,,,
3/27/2018,50000,,stdeviasi,1431.985801
3/28/2018,49400,,rata-rata,50966.66667
3/29/2018,49525,,CV,0.028096517
4/2/2018,50200,,,
4/3/2018,50100,,,
4/4/2018,49550,,,
4/5/2018,50025,,,
4/6/2018,50775,,,
4/9/2018,51900,,,
4/10/2018,52000,,,
4/11/2018,51900,,,
4/12/2018,51700,,,
4/13/2018,50200,,,
4/16/2018,51525,,,
4/17/2018,51450,,,
4/18/2018,51575,,,
4/19/2018,52100,,,
4/20/2018,51125,,,
4/23/2018,50800,,,
4/24/2018,48000,,,
4/25/2018,46000,,,
4/26/2018,45000,,stdeviasi,2250.055555
4/27/2018,46150,,rata-rata,49925
4/30/2018,46350,,CV,0.045068714
5/2/2018,45950,,,
5/3/2018,45200,,,
5/4/2018,45350,,,
5/7/2018,47900,,,
5/8/2018,47050,,,
5/9/2018,49450,,,
5/11/2018,49000,,,
5/14/2018,49325,,,
5/15/2018,47450,,,
5/16/2018,45750,,,
5/17/2018,45500,,,
5/18/2018,46175,,,
5/21/2018,46200,,,
5/22/2018,46200,,,
5/23/2018,46400,,,
5/24/2018,48100,,,
5/25/2018,46800,,,
5/28/2018,47100,,stdeviasi,1310.05474
5/30/2018,46550,,rata-rata,46852.5
5/31/2018,45600,,CV,0.027961256
6/4/2018,45400,,,
6/5/2018,46800,,,
6/6/2018,46200,,,
6/7/2018,46200,,,
6/8/2018,45400,,,
6/20/2018,44275,,,
6/21/2018,44200,,,
6/22/2018,44200,,,
6/25/2018,45000,,,
6/26/2018,44550,,,
6/27/2018,44425,,stdeviasi,902.9731873
6/28/2018,44550,,rata-rata,45176.92308
6/29/2018,46100,,CV,0.019987488
7/2/2018,45350,,,
7/3/2018,44675,,,
7/4/2018,46475,,,
7/5/2018,46250,,,
7/6/2018,45750,,,
7/9/2018,46400,,,
7/10/2018,47125,,,
7/11/2018,47525,,,
7/12/2018,46900,,,
7/13/2018,46900,,,
7/16/2018,45750,,,
7/17/2018,45400,,,
7/18/2018,45775,,,
7/19/2018,44750,,,
7/20/2018,44200,,,
7/23/2018,44500,,,
7/24/2018,44500,,,
7/25/2018,44050,,,
7/26/2018,43925,,,
7/27/2018,44325,,stdeviasi,1208.954349
7/30/2018,44100,,rata-rata,45357.95455
7/31/2018,43250,,CV,0.026653635
8/1/2018,44725,,,
8/2/2018,44950,,,
8/3/2018,44950,,,
8/6/2018,44725,,,
8/7/2018,43550,,,
8/8/2018,43000,,,
8/9/2018,43000,,,
8/10/2018,43550,,,
8/13/2018,42600,,,
8/14/2018,41000,,,
8/15/2018,40800,,,
8/16/2018,42525,,,
8/20/2018,42350,,,
8/21/2018,42600,,,
8/23/2018,43350,,,
8/24/2018,43000,,,
8/27/2018,43700,,,
8/28/2018,44175,,,
8/29/2018,44450,,stdeviasi,1168.642884
8/30/2018,44300,,rata-rata,43388.09524
8/31/2018,43850,,CV,0.026934644
9/3/2018,43675,,,
9/4/2018,43975,,,
9/5/2018,41600,,,
9/6/2018,42075,,,
9/7/2018,44475,,,
9/10/2018,45525,,,
9/12/2018,46125,,,
9/13/2018,46550,,,
9/14/2018,47100,,,
9/17/2018,46050,,,
9/18/2018,45525,,,
9/19/2018,46200,,,
9/20/2018,46625,,,
9/21/2018,47075,,,
9/24/2018,47075,,,
9/25/2018,46000,,,
9/26/2018,46075,,stdeviasi,1670.775637
9/27/2018,47150,,rata-rata,45573.68421
9/28/2018,47025,,CV,0.036660974
10/1/2018,46300,,,
10/2/2018,45775,,,
10/3/2018,44850,,,
10/4/2018,43025,,,
10/5/2018,42675,,,
10/8/2018,44200,,,
10/9/2018,44400,,,
10/10/2018,44900,,,
10/11/2018,44100,,,
10/12/2018,44300,,,
10/15/2018,43600,,,
10/16/2018,45600,,,
10/17/2018,45000,,,
10/18/2018,44600,,,
10/19/2018,44850,,,
10/22/2018,44475,,,
10/23/2018,44500,,,
10/24/2018,43000,,,
10/25/2018,44300,,,
10/26/2018,44175,,,
10/29/2018,43950,,stdeviasi,885.1305145
10/30/2018,44500,,rata-rata,44360.86957
10/31/2018,43225,,CV,0.019952957
11/1/2018,42200,,,
11/2/2018,42725,,,
11/5/2018,43075,,,
11/6/2018,43000,,,
11/7/2018,42200,,,
11/8/2018,42300,,,
11/9/2018,40325,,,
11/12/2018,39375,,,
11/13/2018,39950,,,
11/14/2018,40000,,,
11/15/2018,41100,,,
11/16/2018,41475,,,
11/19/2018,41300,,,
11/21/2018,40900,,,
11/22/2018,41125,,,
11/23/2018,42150,,,
11/26/2018,42125,,,
11/27/2018,42250,,,
11/28/2018,40500,,stdeviasi,1057.322821
11/29/2018,42100,,rata-rata,41544.04762
11/30/2018,42250,,CV,0.025450645
12/3/2018,43800,,,
12/4/2018,44000,,,
12/5/2018,43750,,,
12/6/2018,44200,,,
12/7/2018,44000,,,
12/10/2018,43950,,,
12/11/2018,43675,,,
12/12/2018,44000,,,
12/13/2018,44425,,,
12/14/2018,44500,,,
12/17/2018,43500,,,
12/18/2018,43950,,,
12/19/2018,45000,,,
12/20/2018,45250,,,
12/21/2018,46600,,,
12/26/2018,45525,,stdeviasi,958.1404324
12/27/2018,46600,,rata-rata,44562.5
12/28/2018,45400,,CV,0.021501048
1/2/2019,46400,,,
1/3/2019,47500,,,
1/4/2019,47800,,,
1/7/2019,48600,,,
1/8/2019,47350,,,
1/9/2019,46000,,,
1/10/2019,48325,,,
1/11/2019,48450,,,
1/14/2019,48550,,,
1/15/2019,49800,,,
1/16/2019,47925,,,
1/17/2019,48875,,,
1/18/2019,48925,,,
1/21/2019,48750,,,
1/22/2019,49050,,,
1/23/2019,48950,,,
1/24/2019,49075,,,
1/25/2019,49050,,,
1/28/2019,47775,,,
1/29/2019,47600,,stdeviasi,988.4732039
1/30/2019,49075,,rata-rata,48355.68182
1/31/2019,50000,,CV,0.020441718
2/1/2019,50000,,,
2/4/2019,48900,,,
2/6/2019,49875,,,
2/7/2019,49725,,,
2/8/2019,49825,,,
2/11/2019,48875,,,
2/12/2019,49100,,,
2/13/2019,49250,,,
2/14/2019,48875,,,
2/15/2019,48000,,,
2/18/2019,49425,,,
2/19/2019,49300,,,
2/20/2019,50025,,,
2/21/2019,49525,,,
2/22/2019,49500,,,
2/25/2019,48825,,,
2/26/2019,49975,,stdeviasi,543.8720287
2/27/2019,49000,,rata-rata,49298.68421
2/28/2019,48675,,CV,0.011032181
3/1/2019,49050,,,
3/4/2019,49000,,,
3/5/2019,48650,,,
3/6/2019,48900,,,
3/8/2019,48100,,,
3/11/2019,48425,,,
3/12/2019,49000,,,
3/13/2019,49950,,,
3/14/2019,49900,,,
3/15/2019,49900,,,
3/18/2019,49500,,,
3/19/2019,49325,,,
3/20/2019,49725,,,
3/21/2019,49225,,,
3/22/2019,49250,,,
3/25/2019,48025,,,
3/26/2019,48250,,,
3/27/2019,48900,,stdeviasi,575.8560561
3/28/2019,49225,,rata-rata,49076.25
3/29/2019,49225,,CV,0.011733905
4/1/2019,48850,,,
4/2/2019,49400,,,
4/4/2019,49000,,,
4/5/2019,49000,,,
4/8/2019,48200,,,
4/9/2019,49000,,,
4/10/2019,49300,,,
4/11/2019,48500,,,
4/12/2019,49450,,,
4/15/2019,48800,,,
4/16/2019,49400,,,
4/18/2019,49400,,,
4/22/2019,48275,,,
4/23/2019,49250,,,
4/24/2019,48650,,,
4/25/2019,46400,,,
4/26/2019,45500,,stdeviasi,1475.631741
4/29/2019,45000,,rata-rata,48256.57895
4/30/2019,45500,,CV,0.030578872
5/2/2019,45225,,,
5/3/2019,44650,,,
5/6/2019,45325,,,
5/7/2019,44500,,,
5/8/2019,44800,,,
5/9/2019,43050,,,
5/10/2019,44200,,,
5/13/2019,43600,,,
5/14/2019,42850,,,
5/15/2019,42000,,,
5/16/2019,41800,,,
5/17/2019,41600,,,
5/20/2019,42300,,,
5/21/2019,42375,,,
5/22/2019,42075,,,
5/23/2019,43100,,,
5/24/2019,43525,,,
5/27/2019,43200,,,
5/28/2019,42500,,stdeviasi,1157.596545
5/29/2019,43500,,rata-rata,43365.47619
5/31/2019,44500,,CV,0.026693966
6/10/2019,44650,,,
6/11/2019,44300,,,
6/12/2019,45000,,,
6/13/2019,44900,,,
6/14/2019,44800,,,
6/17/2019,44800,,,
6/18/2019,45600,,,
6/19/2019,45900,,,
6/20/2019,46100,,,
6/21/2019,45300,,,
6/24/2019,44675,,,
6/25/2019,45225,,,
6/26/2019,44825,,stdeviasi,487.3275031
6/27/2019,44850,,rata-rata,45061.66667
6/28/2019,45000,,CV,0.01081468
7/1/2019,45000,,,
7/2/2019,45075,,,
7/3/2019,44900,,,
7/4/2019,44975,,,
7/5/2019,44950,,,
7/8/2019,45000,,,
7/9/2019,45025,,,
7/10/2019,45000,,,
7/11/2019,44800,,,
7/12/2019,44775,,,
7/15/2019,44450,,,
7/16/2019,44400,,,
7/17/2019,44900,,,
7/18/2019,45750,,,
7/19/2019,45800,,,
7/22/2019,45275,,,
7/23/2019,45550,,,
7/24/2019,45425,,,
7/25/2019,44950,,,
7/26/2019,44800,,,
7/29/2019,43200,,stdeviasi,699.5463663
7/30/2019,43050,,rata-rata,44810.86957
7/31/2019,43600,,CV,0.015611087
8/1/2019,45550,,,
8/2/2019,45000,,,
8/5/2019,43825,,,
8/6/2019,44325,,,
8/7/2019,44825,,,
8/8/2019,44650,,,
8/9/2019,44825,,,
8/12/2019,44975,,,
8/13/2019,44275,,,
8/14/2019,44900,,,
8/15/2019,44700,,,
8/16/2019,44975,,,
8/19/2019,44500,,,
8/20/2019,45175,,,
8/21/2019,44875,,,
8/22/2019,45300,,,
8/23/2019,45825,,,
8/26/2019,45875,,,
8/27/2019,47275,,,
8/28/2019,47875,,stdeviasi,1316.847315
8/29/2019,47850,,rata-rata,45464.77273
8/30/2019,48850,,CV,0.028964124
9/2/2019,47950,,,
9/3/2019,47475,,,
9/4/2019,47575,,,
9/5/2019,48025,,,
9/6/2019,47050,,,
9/9/2019,47700,,,
9/10/2019,47650,,,
9/11/2019,46625,,,
9/12/2019,46075,,,
9/13/2019,46600,,,
9/16/2019,46950,,,
9/17/2019,46950,,,
9/18/2019,46675,,,
9/19/2019,46575,,,
9/20/2019,46150,,,
9/23/2019,47300,,,
9/24/2019,47275,,,
9/25/2019,47000,,,
9/26/2019,46750,,stdeviasi,549.458608
9/27/2019,47000,,rata-rata,47040.47619
9/30/2019,46500,,CV,0.011680549
10/1/2019,46200,,,
10/2/2019,45450,,,
10/3/2019,45075,,,
10/4/2019,45425,,,
10/7/2019,44000,,,
10/8/2019,44725,,,
10/9/2019,44200,,,
10/10/2019,43875,,,
10/11/2019,44175,,,
10/14/2019,44500,,,
10/15/2019,44750,,,
10/16/2019,45600,,,
10/17/2019,44750,,,
10/18/2019,43125,,,
10/21/2019,43425,,,
10/22/2019,43950,,,
10/23/2019,44275,,,
10/24/2019,44275,,,
10/25/2019,43150,,,
10/28/2019,43500,,,
10/29/2019,43575,,stdeviasi,825.2140697
10/30/2019,43600,,rata-rata,44318.47826
10/31/2019,43725,,CV,0.01862009
11/1/2019,43700,,,
11/4/2019,43025,,,
11/5/2019,43850,,,
11/6/2019,43450,,,
11/7/2019,43350,,,
11/8/2019,43150,,,
11/11/2019,43275,,,
11/12/2019,43200,,,
11/13/2019,42325,,,
11/14/2019,42800,,,
11/15/2019,42225,,,
11/18/2019,42150,,,
11/19/2019,42800,,,
11/20/2019,42550,,,
11/21/2019,42025,,,
11/22/2019,42150,,,
11/25/2019,42075,,,
11/26/2019,41500,,,
11/27/2019,41000,,stdeviasi,765.1349865
11/28/2019,41800,,rata-rata,42580.95238
11/29/2019,41800,,CV,0.01796895
12/2/2019,42850,,,
12/3/2019,42675,,,
12/4/2019,42000,,,
12/5/2019,42150,,,
12/6/2019,42250,,,
12/9/2019,42275,,,
12/10/2019,42175,,,
12/11/2019,42100,,,
12/12/2019,41000,,,
12/13/2019,41225,,,
12/16/2019,40900,,,
12/17/2019,40975,,,
12/18/2019,40925,,,
12/19/2019,40700,,,
12/20/2019,41625,,,
12/23/2019,41650,,,
12/26/2019,42450,,stdeviasi,692.3136902
12/27/2019,42800,,rata-rata,41827.63158
12/30/2019,42000,,CV,0.016551587
1/2/2020,8550,,,
1/3/2020,8575,,,
1/6/2020,8475,,,
1/7/2020,8450,,,
1/8/2020,8325,,,
1/9/2020,8350,,,
1/10/2020,8250,,,
1/13/2020,8400,,,
1/14/2020,8475,,,
1/15/2020,8475,,,
1/16/2020,8425,,,
1/17/2020,8400,,,
1/20/2020,8325,,,
1/21/2020,8325,,,
1/22/2020,8300,,,
1/23/2020,8325,,,
1/24/2020,8175,,,
1/27/2020,8275,,,
1/28/2020,8250,,,
1/29/2020,8250,,stdeviasi,138.6975594
1/30/2020,8225,,rata-rata,8343.181818
1/31/2020,7950,,CV,0.016624061
2/3/2020,7850,,,
2/4/2020,7875,,,
2/5/2020,8100,,,
2/6/2020,7950,,,
2/7/2020,7900,,,
2/10/2020,7875,,,
2/11/2020,7850,,,
2/12/2020,7600,,,
2/13/2020,7400,,,
2/14/2020,7475,,,
2/17/2020,7400,,,
2/18/2020,7400,,,
2/19/2020,7475,,,
2/20/2020,7650,,,
2/21/2020,7500,,,
2/24/2020,7225,,,
2/25/2020,7300,,,
2/26/2020,7300,,stdeviasi,323.2849485
2/27/2020,7150,,rata-rata,7555
2/28/2020,6825,,CV,0.04279086
3/2/2020,6900,,,
3/3/2020,7125,,,
3/4/2020,7425,,,
3/5/2020,7400,,,
3/6/2020,7450,,,
3/9/2020,7025,,,
3/10/2020,7100,,,
3/11/2020,7300,,,
3/12/2020,7225,,,
3/13/2020,7500,,,
3/16/2020,6975,,,
3/17/2020,6500,,,
3/18/2020,6050,,,
3/19/2020,5650,,,
3/20/2020,6225,,,
3/23/2020,5800,,,
3/24/2020,5675,,,
3/26/2020,6775,,,
3/27/2020,6800,,stdeviasi,603.8714385
3/30/2020,6425,,rata-rata,6789.285714
3/31/2020,7250,,CV,0.088944767
4/1/2020,7150,,,
4/2/2020,7225,,,
4/3/2020,7100,,,
4/6/2020,7300,,,
4/7/2020,7275,,,
4/8/2020,7125,,,
4/9/2020,7250,,,
4/13/2020,7100,,,
4/14/2020,7150,,,
4/15/2020,6975,,,
4/16/2020,6650,,,
4/17/2020,6875,,,
4/20/2020,7000,,,
4/21/2020,6925,,,
4/22/2020,7100,,,
4/23/2020,7500,,,
4/24/2020,7500,,,
4/27/2020,7500,,,
4/28/2020,7850,,stdeviasi,387.0485081
4/29/2020,8000,,rata-rata,7277.380952
4/30/2020,8275,,CV,0.053185138
5/4/2020,7925,,,
5/5/2020,8300,,,
5/6/2020,8100,,,
5/8/2020,8050,,,
5/11/2020,8075,,,
5/12/2020,8175,,,
5/13/2020,8250,,,
5/14/2020,8300,,,
5/15/2020,8575,,,
5/18/2020,8475,,,
5/19/2020,8250,,,
5/20/2020,8050,,,
5/26/2020,8150,,,
5/27/2020,8200,,stdeviasi,200.8056689
5/28/2020,8025,,rata-rata,8165.625
5/29/2020,7750,,CV,0.024591586
6/2/2020,8100,,,
6/3/2020,8225,,,
6/4/2020,8175,,,
6/5/2020,8050,,,
6/8/2020,8200,,,
6/9/2020,8200,,,
6/10/2020,8200,,,
6/11/2020,8200,,,
6/12/2020,8200,,,
6/15/2020,8275,,,
6/16/2020,8275,,,
6/17/2020,8275,,,
6/18/2020,8050,,,
6/19/2020,8050,,,
6/22/2020,8050,,,
6/23/2020,8000,,,
6/24/2020,8075,,,
6/25/2020,7900,,,
6/26/2020,7900,,stdeviasi,129.1570657
6/29/2020,7925,,rata-rata,8105.952381
6/30/2020,7900,,CV,0.015933608
7/1/2020,7800,,,
7/2/2020,8050,,,
7/3/2020,7900,,,
7/6/2020,7900,,,
7/7/2020,7925,,,
7/8/2020,8100,,,
7/9/2020,7975,,,
7/10/2020,7925,,,
7/13/2020,8025,,,
7/14/2020,8075,,,
7/15/2020,8050,,,
7/16/2020,8100,,,
7/17/2020,8125,,,
7/20/2020,8125,,,
7/21/2020,8000,,,
7/22/2020,8000,,,
7/23/2020,8050,,,
7/24/2020,8050,,,
7/27/2020,8075,,,
7/28/2020,8150,,stdeviasi,127.2205366
7/29/2020,8250,,rata-rata,8047.727273
7/30/2020,8400,,CV,0.015808256
8/3/2020,8250,,,
8/4/2020,8225,,,
8/5/2020,8250,,,
8/6/2020,8175,,,
8/7/2020,8125,,,
8/10/2020,8100,,,
8/11/2020,8050,,,
8/12/2020,8050,,,
8/13/2020,8175,,,
8/14/2020,8200,,,
8/18/2020,8225,,,
8/19/2020,8200,,,
8/24/2020,8175,,,
8/25/2020,8200,,,
8/26/2020,8200,,,
8/27/2020,8250,,stdeviasi,64.24842004
8/28/2020,8250,,rata-rata,8184.722222
8/31/2020,8225,,CV,0.007849798
9/1/2020,8225,,,
9/2/2020,8150,,,
9/3/2020,8175,,,
9/4/2020,8400,,,
9/7/2020,8375,,,
9/8/2020,8375,,,
9/9/2020,8250,,,
9/10/2020,7975,,,
9/11/2020,8300,,,
9/14/2020,8200,,,
9/15/2020,8100,,,
9/16/2020,8000,,,
9/17/2020,8075,,,
9/18/2020,8025,,,
9/21/2020,8000,,,
9/22/2020,7950,,,
9/23/2020,7950,,,
9/24/2020,7800,,,
9/25/2020,7925,,,
9/28/2020,7900,,stdeviasi,169.1148653
9/29/2020,7975,,rata-rata,8101.136364
9/30/2020,8100,,CV,0.02087545
10/1/2020,8025,,,
10/2/2020,8000,,,
10/5/2020,8075,,,
10/6/2020,7975,,,
10/7/2020,8000,,,
10/8/2020,8025,,,
10/9/2020,8050,,,
10/12/2020,7950,,,
10/13/2020,7975,,,
10/14/2020,7925,,,
10/15/2020,7925,,,
10/16/2020,8000,,,
10/19/2020,7900,,,
10/20/2020,8000,,,
10/21/2020,7950,,,
10/22/2020,7850,,,
10/23/2020,7925,,stdeviasi,67.34848709
10/26/2020,7875,,rata-rata,7960.526316
10/27/2020,7825,,CV,0.008460306
11/2/2020,7625,,,
11/3/2020,7825,,,
11/4/2020,7800,,,
11/5/2020,7900,,,
11/6/2020,8075,,,
11/9/2020,7950,,,
11/10/2020,7800,,,
11/11/2020,7750,,,
11/12/2020,7800,,,
11/13/2020,7750,,,
11/16/2020,7725,,,
11/17/2020,7775,,,
11/18/2020,7800,,,
11/19/2020,7775,,,
11/20/2020,7725,,,
11/23/2020,7825,,,
11/24/2020,7850,,,
11/25/2020,7725,,,
11/26/2020,7750,,stdeviasi,93.74801585
11/27/2020,7750,,rata-rata,7795.238095
11/30/2020,7725,,CV,0.012026318
12/1/2020,7700,,,
12/2/2020,7650,,,
12/3/2020,7550,,,
12/4/2020,7600,,,
12/7/2020,7675,,,
12/8/2020,7625,,,
12/10/2020,7550,,,
12/11/2020,7475,,,
12/14/2020,7500,,,
12/15/2020,7475,,,
12/16/2020,7500,,,
12/17/2020,7425,,,
12/18/2020,7600,,,
12/21/2020,7625,,,
12/22/2020,7475,,,
12/23/2020,7425,,,
12/28/2020,7450,,stdeviasi,104.5737659
12/29/2020,7350,,rata-rata,7526.315789
12/30/2020,7350,,CV,0.013894416
1/4/2021,7475,,,
1/5/2021,7375,,,
1/6/2021,7200,,,
1/7/2021,7200,,,
1/8/2021,7175,,,
1/11/2021,7200,,,
1/12/2021,7100,,,
1/13/2021,7025,,,
1/14/2021,7000,,,
1/15/2021,6950,,,
1/18/2021,7500,,,
1/19/2021,7575,,,
1/20/2021,7400,,,
1/21/2021,7325,,,
1/22/2021,7275,,,
1/25/2021,7250,,,
1/26/2021,7250,,,
1/27/2021,7125,,stdeviasi,182.9221865
1/28/2021,7075,,rata-rata,7220
1/29/2021,6925,,CV,0.025335483
2/1/2021,7025,,,
2/2/2021,7000,,,
2/3/2021,7175,,,
2/4/2021,7300,,,
2/5/2021,7225,,,
2/8/2021,7100,,,
2/9/2021,7100,,,
2/10/2021,7150,,,
2/11/2021,7175,,,
2/15/2021,7050,,,
2/16/2021,7025,,,
2/17/2021,7100,,,
2/18/2021,6975,,,
2/19/2021,6950,,,
2/22/2021,6875,,,
2/23/2021,6850,,,
2/24/2021,6850,,stdeviasi,138.786512
2/25/2021,6775,,rata-rata,7036.842105
2/26/2021,7000,,CV,0.01972284
3/1/2021,6825,,,
3/2/2021,6825,,,
3/3/2021,6875,,,
3/4/2021,6725,,,
3/5/2021,6725,,,
3/8/2021,6650,,,
3/9/2021,6550,,,
3/10/2021,6575,,,
3/12/2021,6700,,,
3/15/2021,6575,,,
3/16/2021,6550,,,
3/17/2021,6475,,,
3/18/2021,6600,,,
3/19/2021,6750,,,
3/22/2021,6700,,,
3/23/2021,6750,,,
3/24/2021,6575,,,
3/25/2021,6650,,,
3/26/2021,6600,,,
3/29/2021,6725,,stdeviasi,106.8095465
3/30/2021,6550,,rata-rata,6660.227273
3/31/2021,6575,,CV,0.016036922
4/1/2021,6625,,,
4/5/2021,6475,,,
4/6/2021,6475,,,
4/7/2021,6525,,,
4/8/2021,6600,,,
4/9/2021,6475,,,
4/12/2021,6325,,,
4/13/2021,6225,,,
4/14/2021,6300,,,
4/15/2021,6400,,,
4/16/2021,6325,,,
4/19/2021,6300,,,
4/20/2021,6225,,,
4/21/2021,6100,,,
4/22/2021,6125,,,
4/23/2021,6075,,,
4/26/2021,6125,,,
4/27/2021,6025,,,
4/28/2021,6075,,stdeviasi,197.687524
4/29/2021,6050,,rata-rata,6278.571429
4/30/2021,6000,,CV,0.031486068
5/3/2021,5900,,,
5/4/2021,5750,,,
5/5/2021,5775,,,
5/6/2021,5550,,,
5/7/2021,5525,,,
5/10/2021,5700,,,
5/11/2021,5625,,,
5/17/2021,5600,,,
5/18/2021,5575,,,
5/19/2021,5450,,,
5/20/2021,5625,,,
5/21/2021,5575,,,
5/22/2021,6425,,,
5/24/2021,5725,,,
5/25/2021,5675,,,
5/27/2021,5825,,stdeviasi,214.3398819
5/28/2021,5775,,rata-rata,5718.055556
5/31/2021,5850,,CV,0.03748475
6/2/2021,5850,,,
6/3/2021,5775,,,
6/4/2021,5650,,,
6/7/2021,5625,,,
6/8/2021,5475,,,
6/9/2021,5300,,,
6/10/2021,5300,,,
6/11/2021,5350,,,
6/14/2021,5250,,,
6/15/2021,5175,,,
6/16/2021,5200,,,
6/17/2021,5075,,,
6/18/2021,4900,,,
6/21/2021,5100,,,
6/22/2021,5050,,,
6/23/2021,4990,,,
6/24/2021,4960,,,
6/25/2021,5000,,,
6/28/2021,5025,,stdeviasi,286.3541347
6/29/2021,5000,,rata-rata,5238.095238
6/30/2021,4950,,CV,0.054667608
7/1/2021,5225,,,
7/2/2021,5150,,,
7/5/2021,4950,,,
7/6/2021,5000,,,
7/7/2021,4930,,,
7/8/2021,4860,,,
7/9/2021,4890,,,
7/12/2021,5025,,,
7/13/2021,5100,,,
7/14/2021,5100,,,
7/15/2021,5150,,,
7/16/2021,5150,,,
7/19/2021,5075,,,
7/21/2021,5125,,,
7/22/2021,5025,,,
7/23/2021,4800,,,
7/26/2021,4700,,,
7/27/2021,4500,,,
7/28/2021,4450,,stdeviasi,291.5067589
7/29/2021,4330,,rata-rata,4893.095238
7/30/2021,4220,,CV,0.059575125
8/2/2021,4400,,,
8/3/2021,4380,,,
8/4/2021,4330,,,
8/5/2021,4440,,,
8/6/2021,4420,,,
8/9/2021,4310,,,
8/10/2021,4250,,,
8/12/2021,4210,,,
8/13/2021,4250,,,
8/16/2021,4150,,,
8/18/2021,4230,,,
8/19/2021,4110,,,
8/20/2021,4070,,,
8/23/2021,4060,,,
8/24/2021,4080,,,
8/25/2021,4170,,,
8/26/2021,4090,,,
8/27/2021,4030,,stdeviasi,134.3444121
8/30/2021,4130,,rata-rata,4208
8/31/2021,4050,,CV,0.031925953
